{
  "2025-07-23": {
    "recon": 23.872135162353516,
    "testing": 37.85061693191528
  }
}