{
  "2025-07-23": {
    "recon": 23.872135162353516,
    "testing": 99.40979266166687
  }
}